id,text,length
46,КАВА Й ЕНЕРГЕТИКИ ТАКОЖ СТАЛИ ЗВИЧНОЮ ЧАСТИНОЮ РАЦІОНУ ПІДЛІТКІВ ЧЕРЕЗ ШИРОКИЙ ВИБІР СМАКІВ І БАЖАННЯ ОТРИМАТИ ШВИДКИЙ ЗАРЯД ЕНЕРГІЇ,132
47,НАВІТЬ НЕВЕЛИКА ДОЗА КОФЕЇНУ МОЖЕ СПРИЧИНИТИ ПЕРЕЗБУДЖЕННЯ ПРОБЛЕМИ ЗІ СНОМ І ПРИСКОРЕНЕ СЕРЦЕБИТТЯ ЧИ ВПЛИВАТИ НА ОБМІН РЕЧОВИН В ОРГАНІЗМІ,140
92,УСІ ТЕХНІЧНІ КОМАНДИ ПРАЦЮЮТЬ У НАДЗВИЧАЙНО СКЛАДНИХ УМОВАХ ЦІЛОДОБОВО РЕАГУЮЧИ НА БУДЬ ЯКІ НЕШТАТНІ СИТУАЦІЇ РОЗПОВІЛИ В КИЇВСТАР,130
48,ЯК КАВА ВПЛИВАЄ НА ЮНИЙ ОРГАНІЗМ ЩО ПИТИ НАТОМІСТЬ ТА КОМУ КАТЕГОРИЧНО НЕ МОЖНА ВЖИВАТИ КОФЕЇН РОЗПОВІДАЮТЬ ПЕДІАТРИНЯ МАРІЯ ЛОЗЮК ДІЄТОЛОГИНЯ КАТЕРИНА СИРОТКА ТА ДИТЯЧА ПСИХІАТРИНЯ КАТЕРИНА КРУТІКОВА,200
49,САМЕ ТОМУ ПІСЛЯ КАВИ ЛЮДИ МОЖУТЬ ВІДЧУВАТИ ЗБІЛЬШЕННЯ СИЛ ПОКРАЩЕННЯ НАСТРОЮ ТА ВПЕВНЕНІСТЬ У СОБІ ЗА УМОВИ ВЖИВАННЯ БЕЗПЕЧНОЇ ДОБОВОЇ НОРМИ ЩО ДОРІВНЮЄ ДВОМ ЧАШКАМ ЕСПРЕСО ДЛЯ ДОРОСЛИХ,185
50,ТАКОЖ ПОТРІБНО ВРАХУВАТИ ЩО КОФЕЇН ЗНАХОДИТЬСЯ НЕ ЛИШЕ У КАВІ А Й У КАКАО ЧОРНОМУ ТА ЗЕЛЕНОМУ ЧАЇ ХОЧА ЙОГО РІВЕНЬ ТАМ МЕНШИЙ,125
51,ЙОГО ОСОБЛИВІСТЬ В ТОМУ ЩО СТРІМКО ПРОНИКАЄ В КЛІТИНИ МОЗКУ ШВИДКО СТИМУЛЮЄ НЕРВОВУ СИСТЕМУ СПЕРШУ ПІДВИЩУЄ БАДЬОРІСТЬ ПОКРАЩУЄ КОНЦЕНТРАЦІЮ ТА ПРИСКОРЮЄ ОПРАЦЮВАННЯ ІНФОРМАЦІЇ,176
52,КОФЕЇН ТАКОЖ МОЖЕ ЗБІЛЬШУВАТИ РИЗИК ПАНІЧНИХ АТАК ПІДСИЛЮВАТИ АГРЕСИВНІСТЬ ТА ПІДВИЩУВАТИ СХИЛЬНІСТЬ ДО ВЖИВАННЯ ІНШИХ ПСИХОАКТИВНИХ РЕЧОВИН ЗОКРЕМА АЛКОГОЛЮ,157
53,ЦЕ ВІДБУВАЄТЬСЯ КОЛИ ЛЮДИ ВЖИВАЮТЬ КОФЕЇН У ВЕЛИКИХ КІЛЬКОСТЯХ АБО РОБЛЯТЬ ЦЕ РЕГУЛЯРНО Й ПРОТЯГОМ ТРИВАЛОГО ЧАСУ ТАКОЖ У ЗНАЧНИХ ДОЗАХ ДОДАЛА ЕКСПЕРТКА,152
54,ПЕДІАТРИНЯ НАГОЛОШУЄ ЩО ВАРТО ОРІЄНТУВАТИСЯ НА ДОКАЗОВІ РЕКОМЕНДАЦІЇ ЗОКРЕМА АМЕРИКАНСЬКОЇ АКАДЕМІЇ ПЕДІАТРІЇ А ТАКОЖ ЄВРОПЕЙСЬКИХ І КАНАДСЬКИХ ФАХОВИХ ОРГАНІЗАЦІЙ,163
55,ТАКОЖ ПОТРІБНО ВРАХОВУВАТИ КОФЕЇН ЩО МІСТИТЬСЯ В ІНШИХ ПРОДУКТАХ ЦЕ ВПЛИВАЄ НА МАКСИМАЛЬНУ ДОПУСТИМУ ДОЗУ ВЖИВАННЯ КАВИ ДОДАЛА ЕКСПЕРТКА,136
56,РЕКОМЕНДАЦІЇ ДЕЩО РІЗНЯТЬСЯ ЧЕРЕЗ РІЗНУ КУЛЬТУРУ СПОЖИВАННЯ КАВИ ТА ВІДМІННИЙ ПРОФІЛЬ ДОСЛІДЖЕНЬ ХОЧА ВОНИ НЕ Є СУТТЄВИМИ,121
57,КАВА МОЖЕ ПО РІЗНОМУ ВПЛИВАТИ НА АПЕТИТ ПІДЛІТКІВ В ОДНИХ ВОНА ЙОГО ЗМЕНШУЄ А ІНШИХ НЕ ЗМІНЮЄ ВЗАГАЛІ А В ДЕКОГО ПРОВОКУЄ НУДОТУ,128
58,У ДЕЯКИХ ДІТЕЙ ВЖИВАННЯ КАВИ ПРИЗВОДИТЬ ДО ПІДВИЩЕННЯ ЕНЕРГІЇ ЗМЕНШЕННЯ ВТОМИ ТА ЗРОСТАННЯ КОНЦЕНТРАЦІЇ УВАГИ А В ДЕЯКИХ НАВПАКИ ПІДВИЩУЄ ТРИВОГУ ТА ВИКЛИКАЄ ГОЛОВНИЙ БІЛЬ,171
59,ПОЛІФЕНОЛИ ЩО МІСТЯТЬСЯ В КАВІ ЗВ ЯЗУЮТЬСЯ ІЗ ЗАЛІЗОМ І УТВОРЮЮТЬ НЕРОЗЧИННІ КОМПЛЕКСИ ЧЕРЕЗ ЩО ЧАСТИНА ЗАЛІЗА НЕ ЗАСВОЮЄТЬСЯ ТА ВИВОДИТЬСЯ З ОРГАНІЗМУ,151
60,ТАКОЖ КОФЕЇН ВПЛИВАЄ НА ЗАСВОЄННЯ КАЛЬЦІЮ ТА МАГНІЮ АЛЕ ЦЕ НЕ НАСКІЛЬКИ КРИТИЧНО ЯК У ВИПАДКУ ІЗ ЗАЛІЗОМ ТОМУ ЩО ПРИ ЗБАЛАНСОВАНОМУ РАЦІОНІ ЦІ КОМПОНЕНТИ КОМПЕНСУЮТЬСЯ ОРГАНІЗМОМ,178
61,У ПЕРІОД АКТИВНОГО РОЗВИТКУ ДИТИНИ ЦЕ ДУЖЕ ВАЖЛИВО АДЖЕ ДЕФІЦИТ КАЛЬЦІЮ МОЖЕ ПРИЗВЕСТИ ДО ПОРУШЕНЬ ФОРМУВАННЯ КІСТКОВОЇ СИСТЕМИ ТА ПРОБЛЕМ ІЗ ЙОГО ОБМІНОМ ДОДАЛА ПЕДІАТРИНЯ,172
62,ЯКЩО ПРОТЯГОМ ДНЯ ДИТИНА ВЖИВАЛА БУДЬ ЯКІ КОФЕЇНОВМІСНІ ПРОДУКТИ ПОТРІБНО ПИТИ БІЛЬШЕ ВОДИ ТОМУ ЩО КОФЕЇН ПОСИЛЮЄ СЕЧОВИДІЛЕННЯ І ЙОГО НАДМІРНЕ ВЖИВАННЯ МОЖЕ СПРИЯТИ ЗНЕВОДНЕННЮ,177
63,ПІСЛЯ ЙОГО ВЖИВАННЯ ЗДАЄТЬСЯ ЩО СИЛ ПОБІЛЬШАЛО Й ПІДЛІТКИ МОЖУТЬ ДУМАТИ ЩО ТАКИМ ЧИНОМ ВОНИ ЗМОЖУТЬ ДОВШЕ Й ЕФЕКТИВНІШЕ НАВЧАТИСЯ,129
64,АЛЕ З ЧАСОМ ЩОБ ПІДТРИМУВАТИ ЦЕЙ ЕФЕКТ І ВИГЛЯДАТИ ТАК НІБИ ВТОМИ НЕМАЄ ОРГАНІЗМ ПОТРЕБУВАТИМЕ ЩОРАЗУ БІЛЬШОЇ КІЛЬКОСТІ КАВИ,124
65,ТОБТО НА ПОЧАТКУ КОФЕЇН МОЖЕ ДОПОМАГАТИ АЛЕ КОЛИ ЕНЕРГІЯ ВИЧЕРПУЄТЬСЯ ОРГАНІЗМ БІЛЬШЕ НЕ ЗДАТЕН МАСКУВАТИ ВИСНАЖЕННЯ ПОЯСНЮЄ КАТЕРИНА КРУТІКОВА,143
66,Є ЧИМАЛО ЗАМІННИКІВ КАВИ ЯКІ МОЖНА ВЖИВАТИ ДІТЯМ ТА ПІДЛІТКАМ НАПОЇ З ЦИКОРІЮ НЕ МІСТЯТЬ КОФЕЇНУ ТА ВКЛЮЧАЮТЬ ІНУЛІН КОРИСНА ПРЕБІОТИЧНА КЛІТКОВИНА ТОМУ МОЖУТЬ БУТИ ХОРОШОЮ АЛЬТЕРНАТИВОЮ,186
67,ТАКОЖ МАЄ ЗНАЧЕННЯ З ЧИМ ПИТИ КАВУ І ПРО ЦЕ НЕ СЛІД ЗАБУВАТИ ТОМУ ЩО КАВА БЕЗ ДОБАВОК ЦЕ РІДИНА А З МОЛОКОМ ЦУКРОМ ВЕРШКАМИ АБО СИРОПАМИ ВОНА СТАЄ РІДКОЮ ЇЖЕЮ,158
68,ЦЕ СТОСУЄТЬСЯ НАПРИКЛАД ГАРБУЗОВОГО ЛАТЕ ДЕ В ОСНОВІ МОЛОКО ЦУКОР ТА СИРОП ЗІ ЗБИТИМИ ВЕРШКАМИ ПОСИПАНИМИ МАРШМЕЛОУ ЧИ ПЕЧИВОМ,126
69,РЕГУЛЯРНЕ ВЖИВАННЯ ТАКИХ НАПОЇВ МОЖЕ ПРИЗВЕСТИ ДО НАДЛИШКУ КАЛОРІЙ КОЛИВАНЬ ГЛЮКОЗИ ТА НАБОРУ ЗАЙВОЇ ВАГИ ДОДАЛА ДІЄТОЛОГИНЯ,124
70,ДІЄТОЛОГИНЯ РОЗПОВІДАЄ ЩО ПІДЛІТКИ У ЯКИХ Є ЦІ СТАНИ АБО ЗАХВОРЮВАННЯ МАЮТЬ БУТИ ОБЕРЕЖНІ З КІЛЬКІСТЮ КОФЕЇНУ ПІДВИЩЕНА ТРИВОЖНІСТЬ АБО СХИЛЬНІСТЬ ДО ПАНІЧНИХ АТАК,163
71,ПРИСЛУХАТИСЯ ДО ОСОБИСТИХ ПОТРЕБ І СТЕЖИТИ ЗА РЕАКЦІЄЮ СВОГО ОРГАНІЗМУ ТА ПАМ ЯТАТИ ЩО ВАША РЕАКЦІЯ НА КОФЕЇН МОЖЕ ВІДРІЗНЯТИСЯ ВІД РЕАКЦІЇ БАТЬКІВ ЧИ ДРУЗІВ,157
72,ПОТРІБНО АНАЛІЗУВАТИ ЯК ВИ ПОЧУВАЄТЕСЯ ПІСЛЯ ВЖИВАННЯ НАПОЇВ ЩО МІСТЯТЬ КОФЕЇН ЧИ ВИНИКАЄ ТРИВОГА ЗБІЛЬШУЄТЬСЯ ПАНІКА АБО ПОГІРШУЄТЬСЯ СОН ПОЯСНЮЄ КАТЕРИНА СИРОТКА,163
73,НАВІТЬ ЯКЩО ПІСЛЯ КОФЕЇНУ З ЯВЛЯЄТЬСЯ ВІДЧУТТЯ ТИМЧАСОВОГО ПРИПЛИВУ ЕНЕРГІЇ ПОТРІБНО ПАМ ЯТАТИ ЩО КАВА НЕ Є ЗАМІННИКОМ ПОВНОЦІННОГО СНУ ЗДОРОВОГО ХАРЧУВАННЯ РЕЖИМУ ДНЯ ЧИ ВІДПОЧИНКУ,181
74,ЯКЩО ПІСЛЯ ВЖИВАННЯ КАВИ ВИ ВІДЧУВАЄТЕ СЕБЕ НЕ ДУЖЕ ДОБРЕ ВАРТО ОБМЕЖИТИ ЇЇ СПОЖИВАННЯ НА ПЕВНИЙ ЧАС ОБГОВОРИТИ ЦЕ З БАТЬКАМИ АБО ЛІКАРЕМ ПОЯСНЮЄ ПЕДІАТРИНЯ,156
75,ЦЕ ВІДБУВАЄТЬСЯ КОЛИ ЛЮДИНА ВЖИВАЄ БАГАТО ЧАШОК КАВИ ЩОДНЯ ПРИПИНЕННЯ ЇЇ СПОЖИВАННЯ МОЖЕ ВИКЛИКАТИ ПОГІРШЕННЯ САМОПОЧУТТЯ ДОДАЛА ЛОЗЮК,134
76,ДІТИ ЩЕ НЕ МАЮТЬ ДОСТАТНЬОГО ЖИТТЄВОГО ДОСВІДУ Й НЕ ЗАВЖДИ МОЖУТЬ ПРАВИЛЬНО ОЦІНИТИ НАСЛІДКИ ТОМУ ЗАВДАННЯ ДОРОСЛИХ ДОПОМАГАТИ ЇМ ФОРМУВАТИ ЗДОРОВІ ЗВИЧКИ ДОДАЛА КАТЕРИНА КРУТІКОВА,180
77,ЕП ПРОВЕЛА ОПИТУВАННЯ КОМПАНІЙ З РІЗНИХ СФЕР ЯКЕ ПІДТВЕРДИЛО ВОНИ НЕ ЗУПИНЯЛИ РОБОТУ ЗАВДЯКИ ЗАВЧАСНО ПРИДБАНИМ ГЕНЕРАТОРАМ АБО ІНШИМ ДЖЕРЕЛАМ БЕЗПЕРЕБІЙНОГО ЖИВЛЕННЯ,166
78,ВІН ПОПЕРЕДЖАЄ ЩО ЗБЕРЕЖЕННЯ ПОТОЧНОГО РІВНЯ ВІДКЛЮЧЕНЬ ЕЛЕКТРОЕНЕРГІЇ ПРИЗВЕДЕ ДО ТОГО ЩО ІНВЕСТИЦІЇ СПРЯМОВУВАТИМУТЬСЯ НЕ НА РОЗВИТОК А НА ПІДТРИМКУ ЖИТТЄЗДАТНОСТІ ОБ ЄКТІВ,174
79,В МЕРЕЖІ СІЛЬПО ВІДПОВІЛИ ЩО УСІ СУПЕРМАРКЕТИ ОБЛАДНАНІ ГЕНЕРАТОРАМИ МАЮТЬ ДОСТАТНІ ЗАПАСИ ТОВАРІВ А ПОСТАЧАННЯ ПРОДУКТІВ ВІДБУВАЄТЬСЯ У ЗВИЧНОМУ РЕЖИМІ,152
80,ГРАФІК РОБОТИ МАГАЗИНІВ НЕЗМІННИЙ ПРОТЕ ЧЕРЕЗ НИЗЬКУ ТЕМПЕРАТУРУ Й ЧАСТКОВІ БЛЕКАУТИ ОБЛАДНАННЯ В ОКРЕМИХ СУПЕРМАРКЕТАХ ЧАСОМ ВИХОДИТЬ ІЗ ЛАДУ,142
81,НАЯВНИХ ГЕНЕРАТОРІВ ВИСТАЧАЄ ПРОТЕ ВРАХОВУЮЧИ ІНТЕНСИВНІСТЬ ВИКОРИСТАННЯ ОБЛАДНАННЯ З ЧАСОМ ПОТРЕБУЄ ОНОВЛЕННЯ ТА РЕМОНТУ КАЖУТЬ В МЕРЕЖІ МУЛЬТИМАРКЕТІВ АВРОРА,159
82,ВІДКЛЮЧЕННЯ ЕЛЕКТРОЕНЕРГІЇ ПРИЗВОДЯТЬ ДО ЗРОСТАННЯ ОПЕРАЦІЙНИХ ВИТРАТ НАСАМПЕРЕД НА ПАЛЬНЕ ТА ОБСЛУГОВУВАННЯ РЕЗЕРВНИХ СИСТЕМ КОНСТАТУЄ ШЕРЕМЕТ,143
83,ЯК І ВСІ МИ СТИКАЄМОСЯ З ВИКЛИКАМИ ТИМЧАСОВА ВІДСУТНІСТЬ ВОДОПОСТАЧАННЯ В ОКРЕМИХ РЕСТОРАНАХ ЧИ НЕСПРАВНІСТЬ ГЕНЕРАТОРІВ ЧЕРЕЗ МОРОЗИ,133
84,У ТАКИХ ВИПАДКАХ ЗАКЛАД ТИМЧАСОВО ПРИПИНЯЄ ОБСЛУГОВУВАННЯ ГОСТЕЙ А НАШІ КОМАНДИ ПРАЦЮЮТЬ НАД ТИМ ЩОБ ЯКНАЙШВИДШЕ ВІДНОВИТИ РОБОТУ РЕСТОРАНУ ВІДПОВІЛИ В КОМПАНІЇ,160
85,ТАКА КООПЕРАЦІЯ СТАЛА ЧАСТИНОЮ НОВОЇ БІЗНЕС РЕАЛЬНОСТІ В УКРАЇНІ ДЕ СТІЙКІСТЬ ФОРМУЄТЬСЯ ЧЕРЕЗ ЛЮДЯНІСТЬ І ВЗАЄМНУ ПІДТРИМКУ ПІДСУМОВУЮТЬ В КОМПАНІЇ,148
86,ЯКЩО ЗА ПЛАНОВИХ ВІДКЛЮЧЕНЬ ВИТРАТИ НА ОБСЛУГОВУВАННЯ ТА ЗАПРАВКУ ГЕНЕРАТОРІВ МОЖНА БУЛО ПОРІВНЯТИ З УМОВНОЮ ДРУГОЮ КОМУНАЛКОЮ ТО ЗАРАЗ ЦЕ ВДВІЧІ А ТО Й ВТРИЧІ БІЛЬШІ СУМИ,171
87,БІЛОБОРОДОВА ДОДАЄ РОБОТА ФАКТИЧНО В АВТОНОМНОМУ РЕЖИМІ ОЗНАЧАЄ РІЗКЕ ЗРОСТАННЯ ВИТРАТ ЗНОШУВАННЯ ОБЛАДНАННЯ І КОЛОСАЛЬНЕ НАВАНТАЖЕННЯ,134
88,ФАРМА ПОТУЖНОСТІ ВИРОБНИКА ЛІКІВ ЛУБНИФАРМ ПІДТРИМУЮТЬ ЧОТИРИ ВЕЛИКІ ГЕНЕРАТОРИ АЛЕ КОМПАНІЯ НЕ МОЖЕ БЕЗПЕРЕРВНО НА НИХ ПРАЦЮВАТИ,129
89,АЗС ТІ ХТО ВЛАСНЕ І ЗАБЕЗПЕЧУЄ ПАЛЬНИМ ВСІ ГЕНЕРАТОРИ ТОЧНО ПОДБАЛИ ПРО ДЖЕРЕЛА ЖИВЛЕННЯ ДЛЯ ВЛАСНОЇ БЕЗПЕРЕБІЙНОЇ РОБОТИ,121
90,НА БІЛЬШОСТІ СТАНЦІЙ ВСТАНОВЛЕНІ РЕЗЕРВНІ ГЕНЕРАТОРИ ЯКІ ПІДСИЛЮЮТЬ ЕНЕРГОЗАБЕЗПЕЧЕННЯ ЗАЛЕЖНО ВІД НАВАНТАЖЕННЯ РОЗПОВІЛИ В ДЕРЖАВНІЙ КОМПАНІЇ,142
91,ЧЕРЕЗ СКЛАДНІ ПОГОДНІ УМОВИ ТА ВИСОКЕ НАВАНТАЖЕННЯ НА ОБЛАДНАННЯ МИ ЗАЛУЧАЄМО ДОДАТКОВІ ПІДРЯДНІ БРИГАДИ ДЛЯ ОБСЛУГОВУВАННЯ ЩОБ МІНІМІЗУВАТИ РИЗИКИ ЗУПИНОК РОБОТИ,162
93,В ПОРІВНЯННІ З ГРУДНЕМ СТАЛІСТЬ РОБОТИ МЕРЕЖІ СТОЛИЦІ СУТТЄВО ЗРОСЛА АДЖЕ ВДАЛОСЬ ЗНАЧНО ЗБІЛЬШИТИ КІЛЬКІСТЬ ДОДАТКОВИХ ГЕНЕРАТОРІВ ЯК ПАРТНЕРСЬКИХ ТАК І ВЛАСНИХ СТАЦІОНАРНИХ ГЕНЕРАТОРІВ,186
94,ЯК В ІНШИХ БІЗНЕСІВ МОБІЛЬНІ ОПЕРАТОРИ ТЕЖ СТИКАЮТЬСЯ З ВИПАДКАМИ ЗАМЕРЗАННЯ ПАЛИВНИХ СИСТЕМ ЩО ПОТРЕБУЄ НЕГАЙНОГО ВИЇЗДУ АВАРІЙНИХ БРИГАД,138
95,УСІ ВІДДІЛЕННЯ ОБЛАДНАНІ ГЕНЕРАТОРАМИ ТА АЛЬТЕРНАТИВНИМИ КАНАЛАМИ ЗВ ЯЗКУ А В ЧАСТИНІ З НИХ ДОДАТКОВО ВСТАНОВЛЕНІ ІНВЕРТОРИ ДЛЯ МАКСИМАЛЬНО ПЛАВНОГО ПЕРЕХОДУ НА РЕЗЕРВНЕ ЖИВЛЕННЯ,178
96,ЗАПАСИ ПАЛЬНОГО РЕГУЛЯРНО ТА ОПЕРАТИВНО ПОПОВНЮЮТЬСЯ ЩО ДОЗВОЛЯЄ ЗАБЕЗПЕЧУВАТИ СТАБІЛЬНУ РОБОТУ НАВІТЬ ПІД ЧАС ТРИВАЛИХ ВІДКЛЮЧЕНЬ ВІДПОВІЛИ В ПУМБ,147
97,ЙДЕТЬСЯ НАСАМПЕРЕД ПРО ВИТРАТИ НА ПАЛИВО ДЛЯ АЛЬТЕРНАТИВНИХ ДЖЕРЕЛ ЖИВЛЕННЯ ТЕХНІЧНЕ ОБСЛУГОВУВАННЯ ОБЛАДНАННЯ ЛОГІСТИКУ СЕРВІСНУ ПІДТРИМКУ ТА ЗАБЕЗПЕЧЕННЯ БЕЗПЕРЕБІЙНОГО ЗВ ЯЗКУ,178
98,ВИКОРИСТАННЯ АЛЬТЕРНАТИВНИХ ДЖЕРЕЛ ЖИВЛЕННЯ БЕЗУМОВНО ПРИЗВОДИТЬ ДО ПЕВНИХ ПРОБЛЕМ СЕРЕД ЯКИХ ЗРОСТАННЯ ОПЕРАЦІЙНИХ ВИТРАТ У БУДЬ ЯКОГО ГОСПОДАРЮЮЧОГО СУБ ЄКТА,159
99,ВОДНОЧАС ТАРИФИ ДЛЯ КЛІЄНТІВ НЕ ПЕРЕГЛЯДАЮТЬСЯ У ЗВ ЯЗКУ З ВИМУШЕНОЮ РОБОТОЮ В УМОВАХ БЛЕКАУТІВ ПІДТВЕРДЖУЮТЬ В ОЩАДБАНКУ,121
100,ЦІ ГЕНЕРАТОРИ НЕ РОЗРАХОВАНІ НА ЦІЛИЙ ДЕНЬ РОБОТИ ОСОБЛИВО В ТАКІ МОРОЗИ ТОМУ ВОНИ ЧАСТО ВИХОДЯТЬ З ЛАДУ І МИ ОКРЕМО НАЛАГОДИЛИ ПРОЦЕС РЕМОНТУ ТА ЗАМІНИ ДІЛИТЬСЯ ГОЛОВА УКРПОШТИ ІГОР СМІЛЯНСЬКИЙ,194
101,ЩОДО ПРОБЛЕМ ОКРІМ ЗАЗНАЧЕНИХ ВИЩЕ ТО ДОДАЄТЬСЯ СКЛАДНОСТІ ТЕ ЩО МИ КОМПАНІЯ З ДЕРЖАВНОЮ УЧАСТЮ І ВІДПОВІДНО НЕ МОЖЕМО ЗАЛУЧАТИ МАЙСТРІВ НА РЕМОНТ ЧИ КУПЛЯТИ ГЕНЕРАТОРИ ПО ПРЯМИМ ДОГОВОРАМ,188
102,ЯК ПОКАЗУЄ ДОСВІД СВІТЛО ТА ЕЛЕКТРИКУ ВСІ БАЖАЮТЬ СЬОГОДНІ А РОЗБІР ПОЛЬОТІВ ПО ЯКІЙ ЦІНІ ЩО КУПЛЯЛОСЬ У СІЧНІ БУДЕ ВЖЕ В ТРАВНІ ДОДАЄ СМІЛЯНСЬКИЙ,146
103,ТРУБНА ПРОДУКЦІЯ ПЕРЕЛІЧЕНІ ВИЩЕ КОМПАНІЇ СПРАВЛЯЮТЬСЯ ЗА РАХУНОК ГЕНЕРАТОРІВ ТА ІНШИХ АЛЬТЕРНАТИВНИХ ДЖЕРЕЛ ЕЛЕКТРОЕНЕРГІЇ,123
104,ІНТЕРПАЙП ВИВЧАВ ПИТАННЯ ЩОДО МОЖЛИВИХ АЛЬТЕРНАТИВНИХ ДЖЕРЕЛ ЕЛЕКТРОЕНЕРГІЇ ТА ДІЙШОВ ВИСНОВКУ ЩО МОБІЛЬНІ ГЕНЕРАТОРИ НЕ ПІДХОДЯТЬ ДЛЯ НАШИХ ПРОМИСЛОВИХ АКТИВІВ ТА ЇХ РЕЖИМІВ РОБОТИ,181
105,ТОМУ ЗМУШЕНІ ЗАЛИШАТИСЯ НА ІСНУЮЧІЙ СХЕМІ ПОСТАЧАННЯ ЕЛЕКТРОЕНЕРГІЇ ТА ПОВНІСТЮ ЗАЛЕЖАТИ ВІД СТАНУ ЕНЕРГОСИСТЕМИ УКРАЇНИ ТА ВІД СТАНУ МЕРЕЖ УКРЕНЕРГО ПОВІДОМИЛИ В КОМПАНІЇ,171
106,ЩОПРАВДА ЦЯ НОРМА НЕ ЗАСТОСОВУЄТЬСЯ ЯКЩО ЗА ВКАЗІВКОЮ ДИСПЕТЧЕРА УКРЕНЕРГО ЗАПРОВАДЖУЮТЬСЯ СПЕЦІАЛЬНІ ГРАФІКИ АВАРІЙНИХ ВІДКЛЮЧЕНЬ ІЗ МЕТОЮ ЗАХИСТУ КРИТИЧНОЇ ІНФРАСТРУКТУРИ,172
107,ПАНДЕМІЯ ШИРОКОМАСШТАБНА ВІЙНА ТЕХНОЛОГІЧНІ ПРОРИВИ ЗМІНИ В ДЕМОГРАФІЇ ТА ЕКОНОМІЦІ УСЕ ЦЕ СТВОРЮЄ НОВУ РЕАЛЬНІСТЬ У ЯКІЙ ЖИТИМУТЬ НАШІ ДІТИ,140
108,НА ПЕРШИЙ ПЛАН ВИХОДЯТЬ УМІННЯ ЯКІ НЕ МОЖНА АВТОМАТИЗУВАТИ КРИТИЧНЕ МИСЛЕННЯ ЕМОЦІЙНИЙ ІНТЕЛЕКТ ЗДАТНІСТЬ ДО САМООСВІТИ СПІВПРАЦІ ДІЙ У НЕПЕРЕДБАЧУВАНИХ УМОВАХ,159
109,ОСВІТА МАЄ ВІДПОВІДАТИ ЦИМ ВИКЛИКАМ НЕ СКІЛЬКИ ЧЕРЕЗ ПРОСТЕ ОНОВЛЕННЯ ШКІЛЬНИХ ПРОГРАМ А ЧЕРЕЗ ПЕРЕГЛЯД САМОЇ ЛОГІКИ НАВЧАННЯ,125
110,ЦЕ І ПРО ДИТИНОЦЕНТРИЗМ ОДИН ІЗ КЛЮЧОВИХ ПРИНЦИПІВ РЕФОРМИ НОВА УКРАЇНСЬКА ШКОЛА І ПРО СТВОРЕННЯ ГІДНИХ УМОВ РОБОТИ ДЛЯ ВЧИТЕЛЯ ЯКИЙ ЩОДНЯ ВТІЛЮЄ ЗМІНИ НА ПРАКТИЦІ,163
111,БО САМЕ ВЧИТЕЛЬ Є КЛЮЧОВОЮ ФІГУРОЮ ОСВІТНЬОГО ПРОЦЕСУ І ВІД ЙОГО РЕСУРСУ ЗАЛУЧЕНОСТІ ТА ПРОФЕСІЙНОЇ СВОБОДИ ЗАЛЕЖИТЬ ЯКОЮ ШКОЛА БУДЕ ДЛЯ ДИТИНИ,143
112,І ВСІ ВОНИ МАЮТЬ ПРАЦЮВАТИ РАЗОМ НА РОЗВИТОК СУЧАСНОЇ ОСВІТИ ЯКА ДАЄ УЧНЯМ НЕ ЛИШЕ ЗНАННЯ А Й УПЕВНЕНІСТЬ ВНУТРІШНЮ ОПОРУ Й РОЗУМІННЯ ЯК БУТИ ЧАСТИНОЮ СУСПІЛЬСТВА,162
113,У НУШ ЗАКЛАДЕНО ВАЖЛИВІ ЗАСАДНИЧІ ПРИНЦИПИ ОРІЄНТАЦІЮ НА ПОТРЕБИ ДИТИНИ ФОРМУВАННЯ КОМПЕТЕНТНОСТЕЙ ПОВАГУ ДО ОСОБИСТОСТІ УЧНЯ ПЕДАГОГІКУ ПАРТНЕРСТВА,148
114,ЦЕ БУВ І ЗАЛИШАЄТЬСЯ ВАЖЛИВИЙ КРОК У РОЗВИТКУ СУЧАСНОЇ УКРАЇНСЬКОЇ ОСВІТИ ЩО ЗБЛИЖУЄ НАС ІЗ ЄВРОПЕЙСЬКИМИ ПІДХОДАМИ Й ВІДПОВІДАЄ НАЦІОНАЛЬНОМУ ЗАПИТУ НА ЗМІНИ,158
115,ТАКИЙ ВІДКРИТИЙ ДІАЛОГ ДОПОМІГ ПОБАЧИТИ НЕ ЛИШЕ СИЛЬНІ СТОРОНИ РЕФОРМИ А Й ТІ МІСЦЯ ДЕ ЗМІНИ НЕ ЗАКРІПИЛИСЬ АБО ВИЯВИЛИСЯ НЕДОСТАТНІМИ,134
116,ДОДАТКОВО ЗВУЧАЛА ПОТРЕБА ОНОВИТИ ЗМІСТ ЩОБ ВІН БУВ БЛИЖЧИМ ДО РЕАЛЬНОГО ЖИТТЯ А ТАКОЖ ЗАБЕЗПЕЧИТИ СУЧАСНЕ ОБЛАДНАННЯ ЦИФРОВІ РІШЕННЯ І ЯКІСНУ ПІДГОТОВКУ ВЧИТЕЛІВ,162
117,ЙДЕТЬСЯ НЕ ПРО ПОВЕРХНЕВУ ПРАКТИЧНІСТЬ А ПРО ТЕ ЩОБ ШКІЛЬНІ ПРЕДМЕТИ Й КУРСИ НЕ СПРИЙМАЛИСЯ ЯК ІЗОЛЬОВАНІ БЛОКИ І ДАВАЛИ ЦІЛІСНУ КАРТИНУ СВІТУ,142
118,ЦЕ СТАНЕ ОПОРОЮ ДЛЯ ВЧИТЕЛЯ В ПЛАНУВАННІ ЗАНЯТЬ І ДОПОМОЖЕ ПОЄДНАТИ ДЕРЖАВНІ СТАНДАРТИ ОСВІТИ ОСВІТНІ ПРОГРАМИ З ЩОДЕННОЮ ПРАКТИКОЮ ВИКЛАДАННЯ В КЛАСІ,150
119,ЦЕ ДАСТЬ ЗМОГУ ПРОТЕСТУВАТИ НОВІ ІДЕЇ В РЕАЛЬНОМУ ОСВІТНЬОМУ ПРОЦЕСІ ЗІБРАТИ ЗВОРОТНИЙ ЗВ ЯЗОК І ПІДГОТУВАТИ ОСНОВУ ДЛЯ ПОДАЛЬШОГО МАСШТАБУВАННЯ,144
120,ТОМУ ПАРАЛЕЛЬНО ЗІ ЗМІНАМИ ЗМІСТУ ОСВІТИ МИ ПРАЦЮЄМО НАД ТИМ ЩОБ НАДАТИ ВЧИТЕЛЮ БІЛЬШЕ ПІДТРИМКИ МОЖЛИВОСТЕЙ ДЛЯ ЗРОСТАННЯ І БІЛЬШЕ ВПЛИВУ НА ВИБІР ВЛАСНОЇ ПРОФЕСІЙНОЇ ТРАЄКТОРІЇ,178
121,НИНІШНЯ СИСТЕМА ДЕ ЮРЕ ДОЗВОЛЯЄ ВЧИТЕЛЕВІ ПІДВИЩУВАТИ КВАЛІФІКАЦІЮ В РІЗНИХ ПРОВАЙДЕРІВ ПРОТЕ ДЕРЖАВНІ КОШТИ ВИДІЛЯЮТЬ ТІЛЬКИ ДЛЯ ОБЛАСНИХ ІНСТИТУТІВ ПІСЛЯДИПЛОМНОЇ ОСВІТИ,171
122,ВИПЕРЕДЖАЮЧИ ЗАПИТАННЯ ПРО КОНТРОЛЬ НАД ТИМ ХТО Й ЧОГО НАВЧАЄ ВЧИТЕЛІВ СКАЖУ ЩО ПЕРЕДБАЧАЄМО СТВОРЕННЯ ТАК ЗВАНОГО РЕЄСТРУ ПРОВАЙДЕРІВ,134
123,ДО НЬОГО ЗМОЖУТЬ ПОТРАПИТИ ВСІ ПРОВАЙДЕРИ АЛЕ ДЛЯ ТОГО ЩОБ ПРЕТЕНДУВАТИ НА ДЕРЖАВНЕ ФІНАНСУВАННЯ ЇХНІ ПРОГРАМИ МАЮТЬ ПРОЙТИ ПЕРЕВІРКУ,133
124,ЗАРАЗ НАША КОМАНДА ІНТЕНСИВНО ГОТУЄТЬСЯ ДО ВПРОВАДЖЕННЯ ЦИХ ЗМІН ЦЕ ПОТРЕБУЄ ПОВНОГО ПЕРЕГЛЯДУ ТОГО ЯК ФІНАНСУЄТЬСЯ ПІДВИЩЕННЯ КВАЛІФІКАЦІЇ ВЧИТЕЛІВ,148
125,ПРОСТІР В ЯКОМУ Є НЕОБХІДНЕ ОБЛАДНАННЯ ЯКИЙ СПОНУКАЄ ВЧИТИСЯ СТАВИТИ ЗАПИТАННЯ І ДОСЛІДЖУВАТИ ЦЕ НАЙКРАЩИЙ ПОМІЧНИК УЧИТЕЛЯ,123
126,А СУЧАСНИЙ КАБІНЕТ В ЯКОМУ НА КОЖНОМУ УРОЦІ ВІДБУВАЮТЬСЯ ЕКСПЕРИМЕНТИ Й ВИГЛЯД ЯКОГО ДАЄ ВІЛЬНО ДИХАТИ МОЖЕ ЗВІСНО В ПАРІ З ПРОФЕСІЙНИМ УЧИТЕЛЕМ,144
127,ПРИЧИНА ТАКОЖ У ТОМУ ЩО ШКІЛЬНІ ПРЕДМЕТИ ДАЛЕКО НЕ ЗАВЖДИ ВИКЛИКАЮТЬ ЦІКАВІСТЬ ТА ДАЮТЬ РОЗУМІННЯ А ЯК ЦІ ВМІННЯ МОЖНА ЗАСТОСУВАТИ В МАЙБУТНІЙ КАР ЄРІ,150
128,ТОЖ МАЄМО З ОДНОГО БОКУ СТВОРИТИ УМОВИ В ЯКИХ ВИВЧАТИ ПРИРОДНИЧІ НАУКИ БУДЕ ЦІКАВО А З ІНШОГО НАДАТИ ШКОЛАМ МОЖЛИВІСТЬ ВИКЛАДАТИ ЇХ НА ВИСОКОМУ РІВНІ,149
129,ЯКЩО ГОВОРИТИ ПРО ІНСТРУМЕНТИ ТО НАРАЗІ ЇХ ТРИ ФІНАНСУВАННЯ ОНОВЛЕНИЙ ПЕРЕЛІК ОБЛАДНАННЯ ДЛЯ ШКІЛ І ГАЙДЛАЙНИ З ОБЛАШТУВАННЯ ОСВІТНІХ ПРОСТОРІВ,143
130,І ЗВІСНО ГОТУЄМО ГАЙДЛАЙНИ ЯКІ МІСТЯТЬ РЕКОМЕНДАЦІЇ З ОБЛАШТУВАННЯ РІЗНОМАНІТНИХ КАБІНЕТІВ У ШКОЛАХ А ТАКОЖ ЇХНЮ ВІЗУАЛІЗАЦІЮ,125
131,САМЕ ТОМУ ПРАЦЮЄМО З ЦИМИ ТРЬОМА КОМПОНЕНТАМИ ОДНОЧАСНО ЩОБ ВОНИ ПІДСИЛЮВАЛИ ОДИН ОДНОГО А ЗМІНИ БУЛИ НЕ ТОЧКОВИМИ А СИСТЕМНИМИ,127
132,А З ІНШОГО ХРОНІЧНИЙ ДЕФІЦИТ КАДРІВ ЕМОЦІЙНЕ ВИГОРАННЯ РОБІТНИКІВ ТА ДЕМОГРАФІЧНІ ВИКЛИКИ ВСЕ СИЛЬНІШЕ ТИСНУТЬ НА БІЗНЕС,120
133,ПРАЦІВНИКИ ОЧІКУЮТЬ ВІД РОБОТОДАВЦЯ ЛОЯЛЬНОСТІ ТА ГНУЧКОСТІ В УМОВАХ ВІДКЛЮЧЕНЬ СВІТЛА ТА ОБСТРІЛІВ А ВІД КОМПАНІЇ ЦІННОСТЕЙ ТА УЧАСТІ В ОБОРОНІ ДЕРЖАВИ,152
134,УСЕ ЦЕ ЗМУШУЄ БІЗНЕС ПЕРЕОСМИСЛЮВАТИ ПІДХІД ДО РОБОТИ З ПЕРСОНАЛОМ ТА РОЗШИРЮВАТИ ПЕРЕЛІК ПОТЕНЦІЙНИХ КАНДИДАТІВ НА ПОСАДИ РОЗГЛЯДАЮЧИ НАВІТЬ НЕПОВНОЛІТНІХ,155
135,ЯК ЗМІНЮЄТЬСЯ УКРАЇНСЬКИЙ РИНОК ПРАЦІ КОГО ШУКАЮТЬ РОБОТОДАВЦІ ЯКІ ЗАРПЛАТИ ГОТОВІ ПЛАТИТИ ТА ЯК НАМАГАЮТЬСЯ ВТРИМАТИ ПРАЦІВНИКІВ,129
136,КОГО ШУКАЮТЬ РОБОТОДАВЦІ ТРЕТІЙ РІК ПОСПІЛЬ ПЕРЕЛІК СПЕЦІАЛЬНОСТЕЙ ЗА ЯКИМИ РОЗМІЩУЄТЬСЯ НАЙБІЛЬШЕ ВАКАНСІЙ НЕ ЗМІНЮЄТЬСЯ,121
137,ДЛЯ ПЕРШИХ ВИСОКИЙ ПОПИТ ПОВ ЯЗАНИЙ З БРАКОМ КВАЛІФІКОВАНИХ КАДРІВ А НА ПОСАДИ У СФЕРАХ ТОРГІВЛІ ТА ПОСЛУГ ХАРАКТЕРНА ВИСОКА ПЛИННІСТЬ КАДРІВ,141
138,АБИ ЗАПОВНИТИ ВАКАНСІЮ В УМОВАХ КАДРОВОГО ГОЛОДУ РОБОТОДАВЦІ ВДАЮТЬСЯ ДО КОМПЛЕКСНОГО ПІДХОДУ ПРОПОНУЮТЬ ДОСТОЙНУ ЗАРПЛАТУ СОЦІАЛЬНИЙ ПАКЕТ І РОЗВИВАЮТЬ КОРПОРАТИВНУ КУЛЬТУРУ,174
139,КОМПАНІЇ ПРОПОНУЮТЬ КОНКУРЕНТНІ АБО ВИЩІ ЗА РИНКОВІ ЗАРПЛАТИ А ТАКОЖ МАТЕРІАЛЬНІ БЕНЕФІТИ МЕДИЧНЕ СТРАХУВАННЯ ОПЛАТУ НАВЧАННЯ І СПОРТУ ПСИХОЛОГІЧНУ ПІДТРИМКУ,157
140,ЦЕ ПРО СИЛЬНУ МІСІЮ ТА ЦІННОСТІ КОМПАНІЇ ПРО МОЖЛИВІСТЬ ПРОФЕСІЙНОГО РОЗВИТКУ І ПОБУДОВИ КАР ЄРИ ПРО РЕАЛЬНИЙ ВПЛИВ НА РОЗВИТОК БІЗНЕСУ,135
141,КОЛИ ЛЮДИНА ВІДЧУВАЄ ЩО ВОНА ЦІННА НЕ ФОРМАЛЬНО НЕ ПРОСТО ЯК ВИКОНАВЕЦЬ ЗАВДАНЬ А СПРАВДІ ВАЖЛИВА ЧАСТИНА КОМПАНІЇ НАГОЛОСИЛА ТАРАСЕВИЧ,135
142,НЕ ВСІ ЗАРАЗ ГОТОВІ ДОЛУЧАТИСЯ ДО ВІЙСЬКА ЧЕРЕЗ НИЗКУ ПРИЧИН АЛЕ ХОЧУТЬ ЗНАЙТИ МІСЦЕ ДЕ ВОНИ МОЖУТЬ ЗАСТОСУВАТИ СВІЙ ДОСВІД ТА ДОПОМАГАТИ ДЕРЖАВІ В ЦИВІЛЬНОМУ ЖИТТІ,164
143,ТАК ЗВАНІ ЧЕРВОНІ КОМПАНІЇ З ЧІТКОЮ ВЕРТИКАЛЛЮ ВЛАДИ НАВІТЬ З НАЯВНІСТЮ БРОНЮВАННЯ ВЖЕ НЕ ВИГЛЯДАЮТЬ ЦІКАВИМИ КАНДИДАТАМ ЗАЗНАЧИЛА ВОНА,135
144,КОМПАНІЇ НАМАГАЮТЬСЯ ПРИЛАШТУВАТИСЯ ДО ПОТРЕБ КАНДИДАТІВ ПРОПОНУЮЧИ ДИСТАНЦІЙНЕ АБО ГІБРИДНЕ ПРАЦЕВЛАШТУВАННЯ ГНУЧКИЙ ГРАФІК,124
145,ХОЧА В КОМПАНІЇ Є РІЗНІ МОДЕЛІ РОБОТИ ОКРЕМІ ПОЗИЦІЇ ПЕРЕДБАЧАЮТЬ ЧАСТКОВУ АБО ПОВНУ ПРИСУТНІСТЬ НА РОБОЧОМУ МІСЦІ ТОМУ ТАКІ ВАКАНСІЇ ЗАКРИВАЮТЬСЯ ДОВШЕ,152
146,КОМПАНІЯ ВПРОВАДЖУЄ ПРОГРАМИ АДАПТАЦІЇ ПІСЛЯ ПОВЕРНЕННЯ З ФРОНТУ ПСИХОЛОГІЧНОЇ ПІДТРИМКИ ПЕРЕНАВЧАННЯ ТА ПЕРЕКВАЛІФІКАЦІЇ,121
147,ВАЖЛИВО ЩО ВЕТЕРАНИ ПРАЦЮЮТЬ НЕ ЛИШЕ НА ЛІНІЙНИХ ПОЗИЦІЯХ А Й У ВИРОБНИЧИХ УПРАВЛІНСЬКИХ ТА ЕКСПЕРТНИХ РОЛЯХ РОЗПОВІЛИ В УКРНАФТІ,129
148,ЗОКРЕМА ТАМ ПРАЦЕВЛАШТОВУЮТЬ ЕЛЕКТРОМОНТЕРОК ОПЕРАТОРОК КОТЕЛЬНІ МАШИНІСТОК КРАНА ЛАБОРАНТОК ХІМАНАЛІЗУ ОБХІДНИЦЬ ЛІНІЙНИХ СЛЮСАРОК РЕМОНТНИЦЬ ТОКАРОК ЕЛЕКТРОГАЗОЗВАРНИЦЬ,170
149,ЧИТАЙТЕ ТАКОЖ МІЖ НИМИ ПРІРВА У ПІДХОДАХ ДО РОБОТИ ЧОМУ БІЗНЕС І ЗУМЕРИ НЕ РОЗУМІЮТЬ ОДНЕ ОДНОГО МЕРЕЖА СУПЕРМАРКЕТІВ СІЛЬПО ЗАЛУЧАЄ ДО РОБОТИ НЕПОВНОЛІТНІХ,156
150,ДЛЯ НАС ЦЕ ДОВГОСТРОКОВИЙ НАПРЯМ ЯКИЙ ДОПОМАГАЄ МОЛОДІ ОТРИМАТИ ПЕРШИЙ ДОСВІД А БІЗНЕСУ ФОРМУВАТИ МОТИВОВАНУ КОМАНДУ ЩО ЗРОСТАЄ РАЗОМ З КОМПАНІЄЮ,145
151,ДЛЯ КОМПАНІЙ ВАЖЛИВО БУТИ ГНУЧКИМИ І ВОДНОЧАС СТАБІЛЬНИМИ А ТАКОЖ БУТИ ГОТОВИМИ ІНВЕСТУВАТИ В ПРАЦІВНИКІВ І ЧАСТО ЙДЕТЬСЯ НЕ ЛИШЕ ПРО МАТЕРІАЛЬНІ РЕСУРСИ,153
152,ПЕРІОДИ АВАРІЙНИХ ВІДКЛЮЧЕНЬ ЕЛЕКТРОЕНЕРГІЇ СТАЮТЬ ДЕДАЛІ ДОВШИМИ У ДЕЯКИХ РАЙОНАХ НЕМАЄ ОПАЛЕННЯ ПО КІЛЬКА ДІБ А ПОЗНАЧКИ ВУЛИЧНИХ ТЕРМОМЕТРІВ ТИМ ЧАСОМ ПАДАЮТЬ НИЖЧЕ,167
153,ЖИТТЯ ДОПОМОГЛИ СІМЕЙНА ЛІКАРКА МЕДИЧНОЇ МЕРЕЖІ ДОБРОБУТ ГАННА СЄРОВА ЛІКАРКА ІМУНОЛОГИНЯ ХМЕЛЬНИЦЬКОЇ ОБЛАСНОЇ ЛІКАРНІ ГАЛИНА ГРАНОВСЬКА БІОЛОГИНЯ ДАРІЯ ОЗЕРНА,160
154,КОЛИ МОЗОК ОТРИМУЄ ІНФОРМАЦІЮ ПРО ЗНИЖЕННЯ ТЕМПЕРАТУРИ ВІН ПОСИЛАЄ СИГНАЛИ ДО НАШИХ КРОВОНОСНИХ СУДИН ЩОБ ОБМЕЖИТИ ПРИПЛИВ КРОВІ ДО ШКІРИ,137
155,ЗВУЖЕННЯ СУДИН У ПАЛЬЦЯХ РУК І НІГ ЦЕ ВІДЧУТТЯ ЯКЕ НАПЕВНО ЗНАЙОМЕ БАГАТЬОМ КОЛИ ВОНИ ТЯГНУТЬСЯ ДО РУКАВИЧОК І ТОВСТИХ ШКАРПЕТОК,128
156,ГАЛИНА ГРАНОВСЬКА ПОЯСНЮЄ БАГАТО ЧОГО ЗАЛЕЖИТЬ ВІД ОСОБЛИВОСТЕЙ ВЛАСНИХ ТЕРМОРЕГУЛЯЦІЇ ТА ЦИРКУЛЯЦІЇ КРОВІ В ОРГАНІЗМІ ЛЮДИНИ,125
157,Є ЛЮДИ В ЯКИХ ЦИРКУЛЯЦІЯ КРОВІ НАПРИКЛАД У НОГАХ УПОВІЛЬНЕНА ЗАЗВИЧАЙ ТАКІ ЛЮДИ МЕРЗНУТЬ НАВІТЬ ПРИ ЗВИЧАЙНІЙ ТЕМПЕРАТУРІ В ПРИМІЩЕННІ ГОВОРИТЬ ВОНА,148
158,ЦЕ БУЛО ПОВ ЯЗАНО З ПОШИРЕННЯМ СИДЯЧОГО СПОСОБУ ЖИТТЯ У ПРИМІЩЕННІ ПІДВИЩЕННЯМ ОЧІКУВАНЬ ТЕПЛОВОГО КОМФОРТУ БІЛЬШ ЕФЕКТИВНИМИ ТЕХНОЛОГІЯМИ БУДІВНИЦТВА ТОЩО,155
159,ЯКЩО ЛЮДИНА У ПРИМІЩЕННІ ВИКОНУЄ ФІЗИЧНУ РОБОТУ ВОНА ПРИ НЕВИСОКІЙ ТЕМПЕРАТУРІ БУДЕ ВІДЧУВАТИ СЕБЕ КОМФОРТНІШЕ НІЖ ТА ЯКА ЗБИРАЄ ДРІБНІ ДЕТАЛІ АБО ПРАЦЮЄ ОНЛАЙН ЧИ ВЧИТЬСЯ,171
160,ЩО ВПЛИВАЄ НА НАШУ РЕАКЦІЮ НА ХОЛОД ФОРМА ТІЛА І ВАГА ЧИМ БІЛЬША ПЛОЩА ПОВЕРХНІ ТІЛА ЛЮДИНИ ТИМ БІЛЬШЕ ТЕПЛА ВОНА ВТРАЧАЄ,121
161,КОЖЕН ХТО НАДМІРНО СТРАЖДАЄ ВІД ХОЛОДУ МУСИТЬ ПЕРЕВІРИТИ НАЯВНІСТЬ ПРОБЛЕМ ЗІ ЗДОРОВ ЯМ ЯКІ МОЖУТЬ ПОРУШИТИ ТЕРМОРЕГУЛЯЦІЮ НЕЗАЛЕЖНО ВІД ТОГО ЯКА У ЛЮДИНИ ВАГА,159
162,ЧИ МОЖНА ЗВИКНУТИ ДО ХОЛОДУ КОЛИ НАШЕ ТІЛО НЕОДНОРАЗОВО ПІДДАЄТЬСЯ ВПЛИВУ НИЗЬКИХ ТЕМПЕРАТУР З ЧАСОМ ВОНО ПРИСТОСОВУЄТЬСЯ ДО НИХ ОСКІЛЬКИ МАЄ ВРОДЖЕНУ ЗДАТНІСТЬ АКЛІМАТИЗУВАТИСЯ,177
163,НАУКОВЦІ КАЖУТЬ РІЧ У СПЕЦІАЛЬНИХ ЖИРОВИХ КЛІТИНАХ ЯКІ ВИРОБЛЯЮТЬ ТЕПЛО БУРИЙ ЖИР САМЕ ЗАВДЯКИ НИМ ЛЮДИНА МОЖЕ АКЛІМАТИЗУВАТИСЯ,127
164,ЗА ТАКОЇ ТЕМПЕРАТУРИ В НАС ЯКІСНИЙ ЗДОРОВИЙ СОН А ЖИРОВА ТКАНИНА МІСЦЯМИ ПОСТУПОВО НАБУВАЄ ЗДАТНОСТІ ДО УТВОРЕННЯ ТЕПЛА ПОЯСНЮЄ НАУКОВИЦЯ,137
165,ОДНАК ПЕРЕБУВАННЯ У ПРОХОЛОДНОМУ ПРИМІЩЕННІ БЕЗ ТЕПЛОГО ОДЯГУ АБО ДОДАТКОВИХ ЗАСОБІВ ОБІГРІВУ МОЖЕ СТВОРИТИ ДЛЯ ВІРУСІВ І БАКТЕРІЙ СПРИЯТЛИВЕ СЕРЕДОВИЩЕ,152
166,ЯКЩО ЛЮДИНА ЗАМЕРЗЛА ОРГАНІЗМУ ТРЕБА СИЛИ НАГРІТИСЯ І ЙОМУ МОЖЕ НЕ ВИСТАЧИТИ СИЛ ДАТИ РАДУ ТОМУ ВІРУСУ ГОВОРИТЬ ГАННА СЄРОВА,124
167,ЗА СЛОВАМИ ДАРІЇ ОЗЕРНОЇ В ТАКОМУ РАЗІ ПОСТІЙНО ВІДБУВАЄТЬСЯ ТЕПЛООБМІН МІЖ ТЕПЛИМ ТІЛОМ І ХОЛОДНОЮ ПІДЛОГОЮ І НІКОЛИ НЕ БУДЕ РІВНОВАГИ БО МАСА ПІДЛОГИ НЕЗРІВНЯННО БІЛЬША З МАСОЮ ЛЮДИНИ,185
168,ЯК ПОЯСНЮЄ ДАРІЯ ОЗЕРНА ПЕРЕОХОЛОДЖЕННЯ ЦЕ НАСЛІДОК ТЕПЛООБМІНУ МІЖ ТІЛОМ І ХОЛОДНИМ СЕРЕДОВИЩЕМ КОЛИ ПЕРЕДАЧА ТЕПЛА ВІДБУВАЄТЬСЯ ЗНАЧНО ШВИДШЕ НІЖ ЙОГО УТВОРЕННЯ,162
169,ЗАЗВИЧАЙ ПЕРЕОХОЛОДЖЕННЯ БУВАЄ ТОДІ КОЛИ ОДЯГУ ЗАМАЛО ТЕМПЕРАТУРА НИЗЬКА ЛЮДИНА ЧИ ТВАРИНА ГОЛОДНІ І НЕ МАЮТЬ ЗМОГИ РУХАТИСЯ,124
170,ЯК ЗВИКНУТИ ДО ХОЛОДУ В КВАРТИРІ НЕ ПАНІКУЙТЕ ЕКСПЕРТИ РЕКОМЕНДУЮТЬ ПЕРЕДУСІМ ПСИХОЛОГІЧНО ПІДГОТУВАТИ СЕБЕ ДО ТОГО ЩО БУДЕ ПРОХОЛОДНО,134
171,ПІДГОТУЙТЕ ДОМІВКУ ДО ЗИМИ ЯКЩО ВИ ЖИВЕТЕ У ВЕЛИКОМУ БУДИНКУ ЧИ БАГАТОКІМНАТНІЙ КВАРТИРІ ПРОВОДЬТЕ БІЛЬШЕ ЧАСУ В ОДНІЙ І ТІЙ САМІЙ ЧАСТИНІ ДОМУ ЧИ ЗАГАЛЬНІЙ КІМНАТІ,164
172,ЯКЩО Є СОНЯЧНИЙ ДЕНЬ КОРИСТУЙТЕСЯ ЦИМ ЯКЩО СОНЯЧНО ПЕРЕКОНАЙТЕСЯ ЩО ВАШІ ШТОРИ РОЗСУНУТІ ОСОБЛИВО В КІМНАТАХ ЯКІ ВИХОДЯТЬ НА ПІВДЕНЬ,132
173,ЯКЩО ВИ ПОЧНЕТЕ ПІТНІТИ ВИ БУДЕТЕ ВТРАЧАТИ ТЕПЛО СВОГО ТІЛА ШВИДШЕ ВІДПОВІДНО ШВИДШЕ ЗМЕРЗНЕТЕ ПОЯСНЮЄ ДЖОН ЕРІК СМІТ ДОЦЕНТ КАФЕДРИ КІНЕЗІОЛОГІЇ УНІВЕРСИТЕТУ ШТАТУ МІССІСІПІ,174
174,УТЕПЛЮЙТЕСЯ ЩОБ ОРГАНІЗМ ШВИДШЕ АДАПТУВАВСЯ ДО НОВИХ ТЕМПЕРАТУРНИХ УМОВ ДАРІЯ ОЗЕРНА НЕ РАДИТЬ ПОСПІШАТИ ВМИКАТИ ОБІГРІВАЧ ПРИ ПЕРШОМУ Ж ПОХОЛОДАННІ У КВАРТИРІ,159
175,ПОДБАЙТЕ ПРО БЕЗПЕКУ У ПЕРІОД ПОХОЛОДАННЯ ЗРОСТАЄ РИЗИК НЕПРАВИЛЬНОГО ПОВОДЖЕННЯ З ПРИЛАДАМИ ДЛЯ ОБІГРІВУ А ВІДПОВІДНО ПОЖЕЖ ОТРУЄНЬ ЧАДНИМ ГАЗОМ ТА ІНШИХ ТРАГІЧНИХ ВИПАДКІВ,173
176,ПАМ ЯТАЙТЕ ПРАВИЛА БЕЗПЕЧНОГО ПОВОДЖЕННЯ З ЕЛЕКТРИЧНИМИ ПРИЛАДАМИ ГЕНЕРАТОРАМИ ПАЛЬНИКАМИ СВІЧКАМИ ГАЗОВИМИ БАЛОНАМИ ТОЩО,121
177,ВІДПОВІЛИ У КМДА ЯК ВДЯГАТИСЯ ЩОБ ЗІГРІТИСЯ БЕЗ ОПАЛЕННЯ ПЕРЕДУСІМ ЕКСПЕРТКИ РАДЯТЬ НОСИТИ ТЕРМОБІЛИЗНУ ТА БАГАТОШАРОВИЙ ОДЯГ,125
178,АДЖЕ ЗА СЛОВАМИ ДОЦЕНТА КАФЕДРИ КІНЕЗІОЛОГІЇ УНІВЕРСИТЕТУ ШТАТУ МІССІСІПІ ДЖОНА СМІТА УТЕПЛЮВАТИ ТРЕБА ПЕРЕДУСІМ ГРУДНУ КЛІТКУ А НЕ ГОЛОВУ,138
179,ГАННА СЄРОВА ПОПЕРЕДЖАЄ ЩО ЕЛЕКТРОПРОСТИРАДЛА КРАЩЕ ВИКОРИСТОВУВАТИ ПЕРЕД СНОМ ЩОБ НАГРІТИ ЛІЖКО ЗРОБИТИ ЙОГО КОМФОРТНИМ І ЛЯГТИ СПАТИ,134
180,СПАТИ НА ПІДКЛЮЧЕНОМУ ДО СТРУМУ ПРОСТИРАДЛІ НЕ ВАРТО БО ЦЕ ПРИ ПЕРЕПАДІ НАПРУГИ МОЖЕ НАВІТЬ ПРИЗВЕСТИ ДО ОПІКІВ І ПОЖЕЖІ,120
181,ЗА СЛОВАМИ ДЖОНА ЕРІКП СМІТА ЯКЩО ВИ НЕ МОЖЕТЕ ЗАСНУТИ ВІД ХОЛОДУ ТРЕБА СТВОРИТИ МІЖ СОБОЮ ТА НАВКОЛИШНІМ СЕРЕДОВИЩЕМ БІЛЬШЕ ШАРІВ З КОВДР,138
